﻿<?xml version="1.0" encoding="utf-8" ?>
<customers>
  
  <customer>
    <customerID>1001</customerID>
    <customerName>bhagya</customerName>
    <customerCity>Banglore</customerCity>
  </customer>

  <customer>
    <customerID>1002</customerID>
    <customerName>roja</customerName>
    <customerCity>pune</customerCity>
   </customer>

  <customer>
    <customerID>1003</customerID>
    <customerName>madhu</customerName>
    <customerCity>kerala</customerCity>
  </customer>
  
  <customer>
    <customerID>1004</customerID>
    <customerName>bhavya</customerName>
    <customerCity>kodagu</customerCity>
  </customer>
  
  
</customers>
